Name,Brand,Model Number,Brand Color,EAN/UPC,EAN/UPC-Measuring Unit,Type,Compatible Device,Compatible With,Material,Color,Width,Height,Depth,Sales Package,Images,Description,Meta Title,Meta Description,Meta Keyword,Key Features,Video URL,Model Name,Finish,Weight,Warranty,Warranty Summary,Quantity,Price,Wholesale Price,Firstsale Price,Special Price From,Special Price To,Category,Size
Bling My Thing Milkyway Back Case FOR Apple iPhone 6 - Crystal,Bling My Thing,"IP6MWCLCRY
","Crystal

",8.85907E+12,"8859074500839
","Back Case
","Phone
","Apple iPhone 6
","Plastic,Steel",Clear,,,,1,,,Seo title,Seo Description,Seo Kewword,"key feature1,keyfeature2,",www.youtube.com,"Milkyway
","Leather Finish
",10,1,"No Warranty
",1,4000,2795,2795,,,"Cases & Protection,Apple

",
